{
  "project_info": {
    "project_number": "141911899237",
    "firebase_url": "https://chatapp-6d950.firebaseio.com",
    "project_id": "chatapp-6d950",
    "storage_bucket": "chatapp-6d950.appspot.com"
  },
  "client": [
    {
      "client_info": {
        "mobilesdk_app_id": "1:141911899237:android:ecb525db57043d83",
        "android_client_info": {
          "package_name": "abbalove.chat.chatapp"
        }
      },
      "oauth_client": [
        {
          "client_id": "141911899237-j4earr72dfp6usi33p7itev2g2sgp14h.apps.googleusercontent.com",
          "client_type": 3
        }
      ],
      "api_key": [
        {
          "current_key": "AIzaSyAJ4hzQlm_MhyqsVxQESCOVM68kW_g9FTM"
        }
      ],
      "services": {
        "analytics_service": {
          "status": 1
        },
        "appinvite_service": {
          "status": 1,
          "other_platform_oauth_client": []
        },
        "ads_service": {
          "status": 2
        }
      }
    }
  ],
  "configuration_version": "1"
}